{
"lengthUnit": "mil",
"components": {
	"fields": ["COMPONENT_NO", "COMPONENT_NAME", "LAYER", "X_COORDINATE", "Y_COORDINATE", "ANGLE"],
	"rows": [
		[1, "C10", "T", 2348.96, -792.35, 270],
		[2, "C11", "T", 2624.96, -790.35, 270],
		[3, "C12", "T", 2242.96, -792.35, 270],
		[4, "C13", "T", 2732.96, -790.35, 270],
		[5, "C18", "T", 1242, -470, 90],
		[6, "C19", "T", 794.96, -2704.35, 0],
		[7, "C20", "T", 1446.96, -2708.35, 0],
		[8, "C21", "T", 2068.96, -2710.35, 0],
		[9, "C22", "T", 2688, -2682, 90],
		[10, "C25", "T", 2292.96, -438.35, 180],
		[11, "C26", "T", 2292.96, -346.35, 180],
		[12, "C27", "T", 2928.96, -168.35, 90],
		[13, "C29", "T", 2796.96, -576.35, 270],
		[14, "C32", "T", 2536.96, -360.35, 180],
		[15, "C33", "T", 2832.96, -200.35, 90],
		[16, "C34", "T", 2298, -994, 180],
		[17, "C35", "T", 2290, -1208, 180],
		[18, "C36", "T", 2298, -922, 180],
		[19, "C37", "T", 2288, -1296, 180],
		[20, "C44", "T", 2620, -1598, 270],
		[21, "C45", "T", 706, -1596, 270],
		[22, "C46", "T", 1344, -1598, 270],
		[23, "C47", "T", 1984, -1596, 270],
		[24, "C48", "T", 476, -1090, 90],
		[25, "CN10", "T", 1458, -128, 180],
		[26, "CN11", "T", 576, -2670, 0],
		[27, "CN12", "T", 1220, -2672, 0],
		[28, "CN13", "T", 1852, -2674, 0],
		[29, "CN14", "T", 2486, -2676, 0],
		[30, "D1", "T", 216, -1336, 0],
		[31, "D3", "T", 218, -1476, 0],
		[32, "D4", "T", 216, -1216, 0],
		[33, "DC1", "T", 220.87, -2381.37, 0],
		[34, "H4", "T", 3516, -2010, 90],
		[35, "H6", "T", 3308, -1632, 0],
		[36, "H7", "T", 2374, -210, 0],
		[37, "L5", "T", 2664.96, -190.35, 270],
		[38, "LED1", "T", 2594.73, -901.87, 0],
		[39, "LED2", "T", 3300, -138, 180],
		[40, "LED3", "T", 1318, -312, 0],
		[41, "P1", "T", 459.04, -1919.84, 270],
		[42, "P2", "T", 951.16, -1919.84, 90],
		[43, "P3", "T", 1100.85, -1923.89, 270],
		[44, "P4", "T", 1592.98, -1923.89, 90],
		[45, "P5", "T", 1737.01, -1922.1, 270],
		[46, "P6", "T", 2229.14, -1922.1, 90],
		[47, "P7", "T", 2369.85, -1921.89, 270],
		[48, "P8", "T", 2861.97, -1921.89, 90],
		[49, "P10", "T", 3096, -2676, 0],
		[50, "Q4", "T", 3036.96, -502.35, 180],
		[51, "R5", "T", 326, -502, 270],
		[52, "R6", "T", 328, -324, 90],
		[53, "R14", "T", 1448, -312, 0],
		[54, "R15", "T", 2731.27, -901.87, 180],
		[55, "R16", "T", 3174, -138, 0],
		[56, "R17", "T", 1382, -434, 0],
		[57, "R18", "T", 798.96, -2634.35, 180],
		[58, "R19", "T", 1448.96, -2632.35, 180],
		[59, "R20", "T", 2070.96, -2636.35, 180],
		[60, "R21", "T", 2288, -2680, 270],
		[61, "R22", "T", 2720.96, -574.35, 90],
		[62, "R23", "T", 2311.89, -594.56, 180],
		[63, "R24", "T", 2810.96, -346.35, 180],
		[64, "R25", "T", 2810.96, -414.35, 0],
		[65, "R26", "T", 2928.96, -316.35, 270],
		[66, "RLY1", "T", 3332, -1044, 270],
		[67, "SW3", "T", 2709.18, -1124.75, 0],
		[68, "SW4", "T", 1352, -644, 270],
		[69, "SW5", "T", 1542, -644, 270],
		[70, "SW8", "T", 326.96, -1814.35, 270],
		[71, "U1", "T", 806, -392, 0],
		[72, "U3", "T", 704, -2470, 180],
		[73, "U4", "T", 1345.82, -2476.07, 180],
		[74, "U5", "T", 1980.31, -2472.05, 180],
		[75, "U6", "T", 2614.81, -2470.04, 180],
		[76, "U8", "T", 2488.96, -800.35, 180],
		[77, "U12", "T", 2532.96, -520.35, 270],
		[78, "U13", "T", 2294, -1104, 90],
		[79, "USB1", "T", 148, -404, 270],
		[80, "USB2", "T", 1866, -1132, 180],
		[81, "USB3", "T", 148, -808, 270],
		[82, "PAD1", "T", 3560.01, -2654.44, 0],
		[83, "PAD1", "B", 3560.01, -2654.44, 0],
		[84, "PAD2", "T", 100.4, -2650.43, 0],
		[85, "PAD2", "B", 100.4, -2650.43, 0],
		[86, "PAD3", "T", 102.4, -100.4, 0],
		[87, "PAD3", "B", 102.4, -100.4, 0],
		[88, "PAD4", "T", 3560.01, -102.4, 0],
		[89, "PAD4", "B", 3560.01, -102.4, 0],
		[90, "PAD5", "B", 1598, -2565, 0],
		[91, "PAD6", "T", 1548, -1408, 0],
		[92, "PAD7", "T", 58, -1340, 0],
		[93, "PAD8", "B", 583.66, -2068.17, 0]
	]
},
"pins": {
	"fields": ["PIN_NO", "PIN_NAME", "PIN_X", "PIN_Y", "LAYER", "PIN_TYPE", "NET_NAME", "NET_TYPE", "PAD_SHAPE", "PAD_SIZEX", "PAD_SIZEY", "HOLE_SIZE", "PAD_ANGLE"],
	"rows": [
		[1, "C10_1", 2348.96, -764.79, "T", "SMD", "5V", "", "R", 31.5, 35.43, 0, 270],
		[2, "C10_2", 2348.96, -819.91, "T", "SMD", "GND", "GND", "R", 31.5, 35.43, 0, 270],
		[3, "C11_1", 2624.96, -762.79, "T", "SMD", "3V3", "", "R", 31.5, 35.43, 0, 270],
		[4, "C11_2", 2624.96, -817.91, "T", "SMD", "GND", "GND", "R", 31.5, 35.43, 0, 270],
		[5, "C12_1", 2242.96, -764.79, "T", "SMD", "5V", "", "R", 31.5, 35.43, 0, 270],
		[6, "C12_2", 2242.96, -819.91, "T", "SMD", "GND", "GND", "R", 31.5, 35.43, 0, 270],
		[7, "C13_1", 2732.96, -762.79, "T", "SMD", "3V3", "", "R", 31.5, 35.43, 0, 270],
		[8, "C13_2", 2732.96, -817.91, "T", "SMD", "GND", "GND", "R", 31.5, 35.43, 0, 270],
		[9, "C18_1", 1242, -497.56, "T", "SMD", "EN", "", "R", 31.5, 35.43, 0, 90],
		[10, "C18_2", 1242, -442.44, "T", "SMD", "GND", "GND", "R", 31.5, 35.43, 0, 90],
		[11, "C19_1", 767.4, -2704.35, "T", "SMD", "IO13", "", "R", 31.5, 35.43, 0, 0],
		[12, "C19_2", 822.52, -2704.35, "T", "SMD", "GND", "GND", "R", 31.5, 35.43, 0, 0],
		[13, "C20_1", 1419.4, -2708.35, "T", "SMD", "IO14", "", "R", 31.5, 35.43, 0, 0],
		[14, "C20_2", 1474.52, -2708.35, "T", "SMD", "GND", "GND", "R", 31.5, 35.43, 0, 0],
		[15, "C21_1", 2041.4, -2710.35, "T", "SMD", "IO15", "", "R", 31.5, 35.43, 0, 0],
		[16, "C21_2", 2096.52, -2710.35, "T", "SMD", "GND", "GND", "R", 31.5, 35.43, 0, 0],
		[17, "C22_1", 2688, -2709.56, "T", "SMD", "IO16", "", "R", 31.5, 35.43, 0, 90],
		[18, "C22_2", 2688, -2654.44, "T", "SMD", "GND", "GND", "R", 31.5, 35.43, 0, 90],
		[19, "C25_1", 2320.52, -438.35, "T", "SMD", "GND", "GND", "R", 31.5, 35.43, 0, 180],
		[20, "C25_2", 2265.4, -438.35, "T", "SMD", "VBAT_C", "", "R", 31.5, 35.43, 0, 180],
		[21, "C26_1", 2320.52, -346.35, "T", "SMD", "GND", "GND", "R", 31.5, 35.43, 0, 180],
		[22, "C26_2", 2265.4, -346.35, "T", "SMD", "VBAT_C", "", "R", 31.5, 35.43, 0, 180],
		[23, "C27_1", 2928.96, -195.91, "T", "SMD", "GND", "GND", "R", 31.5, 35.43, 0, 90],
		[24, "C27_2", 2928.96, -140.79, "T", "SMD", "5V", "", "R", 31.5, 35.43, 0, 90],
		[25, "C29_1", 2796.96, -548.79, "T", "SMD", "GND", "GND", "R", 31.5, 35.43, 0, 270],
		[26, "C29_2", 2796.96, -603.91, "T", "SMD", "$1N17389", "", "R", 31.5, 35.43, 0, 270],
		[27, "C32_1", 2564.52, -360.35, "T", "SMD", "$1N17381", "", "R", 31.5, 35.43, 0, 180],
		[28, "C32_2", 2509.4, -360.35, "T", "SMD", "$1N17390", "", "R", 31.5, 35.43, 0, 180],
		[29, "C33_1", 2832.96, -263.05, "T", "SMD", "GND", "GND", "R", 58.47, 68.03, 0, 90],
		[30, "C33_2", 2832.96, -137.65, "T", "SMD", "5V", "", "R", 58.47, 68.03, 0, 90],
		[31, "C34_1", 2325.56, -994, "T", "SMD", "5V", "", "R", 31.5, 35.43, 0, 180],
		[32, "C34_2", 2270.44, -994, "T", "SMD", "GND", "GND", "R", 31.5, 35.43, 0, 180],
		[33, "C35_1", 2317.56, -1208, "T", "SMD", "3V3_SM", "", "R", 31.5, 35.43, 0, 180],
		[34, "C35_2", 2262.44, -1208, "T", "SMD", "GND", "GND", "R", 31.5, 35.43, 0, 180],
		[35, "C36_1", 2325.56, -922, "T", "SMD", "5V", "", "R", 31.5, 35.43, 0, 180],
		[36, "C36_2", 2270.44, -922, "T", "SMD", "GND", "GND", "R", 31.5, 35.43, 0, 180],
		[37, "C37_1", 2315.56, -1296, "T", "SMD", "3V3_SM", "", "R", 31.5, 35.43, 0, 180],
		[38, "C37_2", 2260.44, -1296, "T", "SMD", "GND", "GND", "R", 31.5, 35.43, 0, 180],
		[39, "C44_1", 2620, -1492.88, "T", "SMD", "VBAT_S", "", "R", 137.79, 47.24, 0, 270],
		[40, "C44_2", 2620, -1703.12, "T", "SMD", "GND", "GND", "R", 137.79, 47.24, 0, 270],
		[41, "C45_1", 706, -1490.88, "T", "SMD", "VBAT_S", "", "R", 137.79, 47.24, 0, 270],
		[42, "C45_2", 706, -1701.12, "T", "SMD", "GND", "GND", "R", 137.79, 47.24, 0, 270],
		[43, "C46_1", 1344, -1492.88, "T", "SMD", "VBAT_S", "", "R", 137.79, 47.24, 0, 270],
		[44, "C46_2", 1344, -1703.12, "T", "SMD", "GND", "GND", "R", 137.79, 47.24, 0, 270],
		[45, "C47_1", 1984, -1490.88, "T", "SMD", "VBAT_S", "", "R", 137.79, 47.24, 0, 270],
		[46, "C47_2", 1984, -1701.12, "T", "SMD", "GND", "GND", "R", 137.79, 47.24, 0, 270],
		[47, "C48_1", 476, -1195.12, "T", "SMD", "VBAT_C", "", "R", 137.79, 47.24, 0, 90],
		[48, "C48_2", 476, -984.88, "T", "SMD", "GND", "GND", "R", 137.79, 47.24, 0, 90],
		[49, "CN10_1", 1605.64, -128, "T", "DIP", "5V", "", "R", 60, 62.99, 43.31, 180],
		[50, "CN10_1", 1605.64, -128, "B", "DIP", "5V", "", "R", 60, 62.99, 43.31, 180],
		[51, "CN10_2", 1507.21, -128, "T", "DIP", "TXD0", "", "C", 62.99, 62.99, 43.31, 180],
		[52, "CN10_2", 1507.21, -128, "B", "DIP", "TXD0", "", "C", 62.99, 62.99, 43.31, 180],
		[53, "CN10_3", 1408.79, -128, "T", "DIP", "RXD0", "", "C", 62.99, 62.99, 43.31, 180],
		[54, "CN10_3", 1408.79, -128, "B", "DIP", "RXD0", "", "C", 62.99, 62.99, 43.31, 180],
		[55, "CN10_4", 1310.36, -128, "T", "DIP", "GND", "GND", "C", 62.99, 62.99, 43.31, 180],
		[56, "CN10_4", 1310.36, -128, "B", "DIP", "GND", "GND", "C", 62.99, 62.99, 43.31, 180],
		[57, "CN11_1", 526.78, -2670, "T", "DIP", "IO13", "", "R", 60, 59.05, 35.43, 0],
		[58, "CN11_1", 526.78, -2670, "B", "DIP", "IO13", "", "R", 60, 59.05, 35.43, 0],
		[59, "CN11_2", 625.21, -2670, "T", "DIP", "GND", "GND", "C", 59.05, 59.05, 35.43, 0],
		[60, "CN11_2", 625.21, -2670, "B", "DIP", "GND", "GND", "C", 59.05, 59.05, 35.43, 0],
		[61, "CN12_1", 1170.78, -2672, "T", "DIP", "IO14", "", "R", 60, 59.05, 35.43, 0],
		[62, "CN12_1", 1170.78, -2672, "B", "DIP", "IO14", "", "R", 60, 59.05, 35.43, 0],
		[63, "CN12_2", 1269.21, -2672, "T", "DIP", "GND", "GND", "C", 59.05, 59.05, 35.43, 0],
		[64, "CN12_2", 1269.21, -2672, "B", "DIP", "GND", "GND", "C", 59.05, 59.05, 35.43, 0],
		[65, "CN13_1", 1802.78, -2674, "T", "DIP", "IO15", "", "R", 60, 59.05, 35.43, 0],
		[66, "CN13_1", 1802.78, -2674, "B", "DIP", "IO15", "", "R", 60, 59.05, 35.43, 0],
		[67, "CN13_2", 1901.21, -2674, "T", "DIP", "GND", "GND", "C", 59.05, 59.05, 35.43, 0],
		[68, "CN13_2", 1901.21, -2674, "B", "DIP", "GND", "GND", "C", 59.05, 59.05, 35.43, 0],
		[69, "CN14_1", 2436.78, -2676, "T", "DIP", "IO16", "", "R", 60, 59.05, 35.43, 0],
		[70, "CN14_1", 2436.78, -2676, "B", "DIP", "IO16", "", "R", 60, 59.05, 35.43, 0],
		[71, "CN14_2", 2535.21, -2676, "T", "DIP", "GND", "GND", "C", 59.05, 59.05, 35.43, 0],
		[72, "CN14_2", 2535.21, -2676, "B", "DIP", "GND", "GND", "C", 59.05, 59.05, 35.43, 0],
		[73, "D1_1", 125.3, -1336.37, "T", "SMD", "VBAT", "", "R", 80.57, 63.78, 0, 0],
		[74, "D1_2", 306.7, -1335.63, "T", "SMD", "VBAT_S", "", "R", 80.57, 63.78, 0, 180],
		[75, "D3_1", 127.3, -1476.37, "T", "SMD", "VBAT", "", "R", 80.57, 63.78, 0, 0],
		[76, "D3_2", 308.7, -1475.63, "T", "SMD", "VBAT_S", "", "R", 80.57, 63.78, 0, 180],
		[77, "D4_1", 125.3, -1216.37, "T", "SMD", "VBAT", "", "R", 80.57, 63.78, 0, 0],
		[78, "D4_2", 306.7, -1215.63, "T", "SMD", "VBAT_C", "", "R", 80.57, 63.78, 0, 180],
		[79, "DC1_1", 338.98, -2288.78, "T", "DIP", "$1N4546", "", "O", 165.35, 70.87, 137.79, 90],
		[80, "DC1_1", 338.98, -2288.78, "B", "DIP", "$1N4546", "", "O", 165.35, 70.87, 137.79, 90],
		[81, "DC1_2", 102.76, -2288.78, "T", "DIP", "GND", "GND", "O", 157.48, 70.87, 129.92, 270],
		[82, "DC1_2", 102.76, -2288.78, "B", "DIP", "GND", "GND", "O", 157.48, 70.87, 129.92, 270],
		[83, "DC1_3", 220.86, -2473.95, "T", "DIP", "GND", "GND", "O", 157.48, 70.87, 129.92, 0],
		[84, "DC1_3", 220.86, -2473.95, "B", "DIP", "GND", "GND", "O", 157.48, 70.87, 129.92, 0],
		[85, "H4_1", 3566, -2110, "T", "DIP", "$2N13075", "", "R", 66.93, 66.93, 43.31, 90],
		[86, "H4_1", 3566, -2110, "B", "DIP", "$2N13075", "", "R", 66.93, 66.93, 43.31, 90],
		[87, "H4_2", 3466, -2110, "T", "DIP", "3V3_SM", "", "C", 66.93, 66.93, 43.31, 90],
		[88, "H4_2", 3466, -2110, "B", "DIP", "3V3_SM", "", "C", 66.93, 66.93, 43.31, 90],
		[89, "H4_3", 3566, -2010, "T", "DIP", "$2N13075", "", "C", 66.93, 66.93, 43.31, 90],
		[90, "H4_3", 3566, -2010, "B", "DIP", "$2N13075", "", "C", 66.93, 66.93, 43.31, 90],
		[91, "H4_4", 3466, -2010, "T", "DIP", "5V", "", "C", 66.93, 66.93, 43.31, 90],
		[92, "H4_4", 3466, -2010, "B", "DIP", "5V", "", "C", 66.93, 66.93, 43.31, 90],
		[93, "H4_5", 3566, -1910, "T", "DIP", "$2N13075", "", "C", 66.93, 66.93, 43.31, 90],
		[94, "H4_5", 3566, -1910, "B", "DIP", "$2N13075", "", "C", 66.93, 66.93, 43.31, 90],
		[95, "H4_6", 3466, -1910, "T", "DIP", "VBAT_S", "", "C", 66.93, 66.93, 43.31, 90],
		[96, "H4_6", 3466, -1910, "B", "DIP", "VBAT_S", "", "C", 66.93, 66.93, 43.31, 90],
		[97, "H6_1", 3158, -1682, "T", "DIP", "GND", "GND", "R", 66.93, 66.93, 43.31, 0],
		[98, "H6_1", 3158, -1682, "B", "DIP", "GND", "GND", "R", 66.93, 66.93, 43.31, 0],
		[99, "H6_2", 3158, -1582, "T", "DIP", "3V3_SM", "", "C", 66.93, 66.93, 43.31, 0],
		[100, "H6_2", 3158, -1582, "B", "DIP", "3V3_SM", "", "C", 66.93, 66.93, 43.31, 0],
		[101, "H6_3", 3258, -1682, "T", "DIP", "GND", "GND", "C", 66.93, 66.93, 43.31, 0],
		[102, "H6_3", 3258, -1682, "B", "DIP", "GND", "GND", "C", 66.93, 66.93, 43.31, 0],
		[103, "H6_4", 3258, -1582, "T", "DIP", "3V3_SM", "", "C", 66.93, 66.93, 43.31, 0],
		[104, "H6_4", 3258, -1582, "B", "DIP", "3V3_SM", "", "C", 66.93, 66.93, 43.31, 0],
		[105, "H6_5", 3358, -1682, "T", "DIP", "GND", "GND", "C", 66.93, 66.93, 43.31, 0],
		[106, "H6_5", 3358, -1682, "B", "DIP", "GND", "GND", "C", 66.93, 66.93, 43.31, 0],
		[107, "H6_6", 3358, -1582, "T", "DIP", "5V", "", "C", 66.93, 66.93, 43.31, 0],
		[108, "H6_6", 3358, -1582, "B", "DIP", "5V", "", "C", 66.93, 66.93, 43.31, 0],
		[109, "H6_7", 3458, -1682, "T", "DIP", "GND", "GND", "C", 66.93, 66.93, 43.31, 0],
		[110, "H6_7", 3458, -1682, "B", "DIP", "GND", "GND", "C", 66.93, 66.93, 43.31, 0],
		[111, "H6_8", 3458, -1582, "T", "DIP", "5V", "", "C", 66.93, 66.93, 43.31, 0],
		[112, "H6_8", 3458, -1582, "B", "DIP", "5V", "", "C", 66.93, 66.93, 43.31, 0],
		[113, "H7_1", 2274, -210, "T", "DIP", "IO36", "", "R", 66.93, 66.93, 43.31, 0],
		[114, "H7_1", 2274, -210, "B", "DIP", "IO36", "", "R", 66.93, 66.93, 43.31, 0],
		[115, "H7_2", 2374, -210, "T", "DIP", "5V", "", "C", 66.93, 66.93, 43.31, 0],
		[116, "H7_2", 2374, -210, "B", "DIP", "5V", "", "C", 66.93, 66.93, 43.31, 0],
		[117, "H7_3", 2474, -210, "T", "DIP", "GND", "GND", "C", 66.93, 66.93, 43.31, 0],
		[118, "H7_3", 2474, -210, "B", "DIP", "GND", "GND", "C", 66.93, 66.93, 43.31, 0],
		[119, "L5_1", 2664.96, -271.06, "T", "SMD", "$1N17381", "", "R", 74.8, 98.42, 0, 270],
		[120, "L5_2", 2664.96, -109.64, "T", "SMD", "5V", "", "R", 74.8, 98.42, 0, 270],
		[121, "LED1_1", 2563.26, -901.88, "T", "SMD", "GND", "GND", "R", 31.5, 31.5, 0, 90],
		[122, "LED1_2", 2626.21, -901.87, "T", "SMD", "$1N6853", "", "R", 31.5, 31.5, 0, 90],
		[123, "LED2_1", 3331.47, -138, "T", "SMD", "GND", "GND", "R", 31.5, 31.5, 0, 270],
		[124, "LED2_2", 3268.53, -138, "T", "SMD", "$1N6906", "", "R", 31.5, 31.5, 0, 270],
		[125, "LED3_1", 1286.53, -312, "T", "SMD", "IO1", "", "R", 31.5, 31.5, 0, 90],
		[126, "LED3_2", 1349.48, -312, "T", "SMD", "$1N6786", "", "R", 31.5, 31.5, 0, 90],
		[127, "P1_1", 459.04, -1569.84, "T", "DIP", "GND", "GND", "R", 70.87, 70.87, 47.24, 270],
		[128, "P1_1", 459.04, -1569.84, "B", "DIP", "GND", "GND", "R", 70.87, 70.87, 47.24, 270],
		[129, "P1_2", 459.04, -1669.84, "T", "DIP", "MS1", "", "C", 70.87, 70.87, 47.24, 270],
		[130, "P1_2", 459.04, -1669.84, "B", "DIP", "MS1", "", "C", 70.87, 70.87, 47.24, 270],
		[131, "P1_3", 459.04, -1769.84, "T", "DIP", "MS2", "", "C", 70.87, 70.87, 47.24, 270],
		[132, "P1_3", 459.04, -1769.84, "B", "DIP", "MS2", "", "C", 70.87, 70.87, 47.24, 270],
		[133, "P1_4", 459.04, -1869.84, "T", "DIP", "MS3", "", "C", 70.87, 70.87, 47.24, 270],
		[134, "P1_4", 459.04, -1869.84, "B", "DIP", "MS3", "", "C", 70.87, 70.87, 47.24, 270],
		[135, "P1_5", 459.04, -1969.84, "T", "DIP", "$1N47239", "", "C", 70.87, 70.87, 47.24, 270],
		[136, "P1_5", 459.04, -1969.84, "B", "DIP", "$1N47239", "", "C", 70.87, 70.87, 47.24, 270],
		[137, "P1_6", 459.04, -2069.84, "T", "DIP", "$1N47239", "", "C", 70.87, 70.87, 47.24, 270],
		[138, "P1_6", 459.04, -2069.84, "B", "DIP", "$1N47239", "", "C", 70.87, 70.87, 47.24, 270],
		[139, "P1_7", 459.04, -2169.84, "T", "DIP", "IO6", "", "C", 70.87, 70.87, 47.24, 270],
		[140, "P1_7", 459.04, -2169.84, "B", "DIP", "IO6", "", "C", 70.87, 70.87, 47.24, 270],
		[141, "P1_8", 459.04, -2269.84, "T", "DIP", "IO2", "", "C", 70.87, 70.87, 47.24, 270],
		[142, "P1_8", 459.04, -2269.84, "B", "DIP", "IO2", "", "C", 70.87, 70.87, 47.24, 270],
		[143, "P2_1", 951.16, -2269.84, "T", "DIP", "GND", "GND", "R", 70.87, 70.87, 47.24, 90],
		[144, "P2_1", 951.16, -2269.84, "B", "DIP", "GND", "GND", "R", 70.87, 70.87, 47.24, 90],
		[145, "P2_2", 951.16, -2169.84, "T", "DIP", "3V3_SM", "", "C", 70.87, 70.87, 47.24, 90],
		[146, "P2_2", 951.16, -2169.84, "B", "DIP", "3V3_SM", "", "C", 70.87, 70.87, 47.24, 90],
		[147, "P2_3", 951.16, -2069.84, "T", "DIP", "1_1B", "", "C", 70.87, 70.87, 47.24, 90],
		[148, "P2_3", 951.16, -2069.84, "B", "DIP", "1_1B", "", "C", 70.87, 70.87, 47.24, 90],
		[149, "P2_4", 951.16, -1969.84, "T", "DIP", "1_1A", "", "C", 70.87, 70.87, 47.24, 90],
		[150, "P2_4", 951.16, -1969.84, "B", "DIP", "1_1A", "", "C", 70.87, 70.87, 47.24, 90],
		[151, "P2_5", 951.16, -1869.84, "T", "DIP", "1_2A", "", "C", 70.87, 70.87, 47.24, 90],
		[152, "P2_5", 951.16, -1869.84, "B", "DIP", "1_2A", "", "C", 70.87, 70.87, 47.24, 90],
		[153, "P2_6", 951.16, -1769.84, "T", "DIP", "1_2B", "", "C", 70.87, 70.87, 47.24, 90],
		[154, "P2_6", 951.16, -1769.84, "B", "DIP", "1_2B", "", "C", 70.87, 70.87, 47.24, 90],
		[155, "P2_7", 951.16, -1669.84, "T", "DIP", "GND", "GND", "C", 70.87, 70.87, 47.24, 90],
		[156, "P2_7", 951.16, -1669.84, "B", "DIP", "GND", "GND", "C", 70.87, 70.87, 47.24, 90],
		[157, "P2_8", 951.16, -1569.84, "T", "DIP", "VBAT_S", "", "C", 70.87, 70.87, 47.24, 90],
		[158, "P2_8", 951.16, -1569.84, "B", "DIP", "VBAT_S", "", "C", 70.87, 70.87, 47.24, 90],
		[159, "P3_1", 1100.85, -1573.89, "T", "DIP", "GND", "GND", "R", 70.87, 70.87, 47.24, 270],
		[160, "P3_1", 1100.85, -1573.89, "B", "DIP", "GND", "GND", "R", 70.87, 70.87, 47.24, 270],
		[161, "P3_2", 1100.85, -1673.89, "T", "DIP", "MS1", "", "C", 70.87, 70.87, 47.24, 270],
		[162, "P3_2", 1100.85, -1673.89, "B", "DIP", "MS1", "", "C", 70.87, 70.87, 47.24, 270],
		[163, "P3_3", 1100.85, -1773.89, "T", "DIP", "MS2", "", "C", 70.87, 70.87, 47.24, 270],
		[164, "P3_3", 1100.85, -1773.89, "B", "DIP", "MS2", "", "C", 70.87, 70.87, 47.24, 270],
		[165, "P3_4", 1100.85, -1873.89, "T", "DIP", "MS3", "", "C", 70.87, 70.87, 47.24, 270],
		[166, "P3_4", 1100.85, -1873.89, "B", "DIP", "MS3", "", "C", 70.87, 70.87, 47.24, 270],
		[167, "P3_5", 1100.85, -1973.89, "T", "DIP", "$1N47233", "", "C", 70.87, 70.87, 47.24, 270],
		[168, "P3_5", 1100.85, -1973.89, "B", "DIP", "$1N47233", "", "C", 70.87, 70.87, 47.24, 270],
		[169, "P3_6", 1100.85, -2073.89, "T", "DIP", "$1N47233", "", "C", 70.87, 70.87, 47.24, 270],
		[170, "P3_6", 1100.85, -2073.89, "B", "DIP", "$1N47233", "", "C", 70.87, 70.87, 47.24, 270],
		[171, "P3_7", 1100.85, -2173.89, "T", "DIP", "IO7", "", "C", 70.87, 70.87, 47.24, 270],
		[172, "P3_7", 1100.85, -2173.89, "B", "DIP", "IO7", "", "C", 70.87, 70.87, 47.24, 270],
		[173, "P3_8", 1100.85, -2273.89, "T", "DIP", "IO3", "", "C", 70.87, 70.87, 47.24, 270],
		[174, "P3_8", 1100.85, -2273.89, "B", "DIP", "IO3", "", "C", 70.87, 70.87, 47.24, 270],
		[175, "P4_1", 1592.98, -2273.89, "T", "DIP", "GND", "GND", "R", 70.87, 70.87, 47.24, 90],
		[176, "P4_1", 1592.98, -2273.89, "B", "DIP", "GND", "GND", "R", 70.87, 70.87, 47.24, 90],
		[177, "P4_2", 1592.98, -2173.89, "T", "DIP", "3V3_SM", "", "C", 70.87, 70.87, 47.24, 90],
		[178, "P4_2", 1592.98, -2173.89, "B", "DIP", "3V3_SM", "", "C", 70.87, 70.87, 47.24, 90],
		[179, "P4_3", 1592.98, -2073.89, "T", "DIP", "2_1B", "", "C", 70.87, 70.87, 47.24, 90],
		[180, "P4_3", 1592.98, -2073.89, "B", "DIP", "2_1B", "", "C", 70.87, 70.87, 47.24, 90],
		[181, "P4_4", 1592.98, -1973.89, "T", "DIP", "2_1A", "", "C", 70.87, 70.87, 47.24, 90],
		[182, "P4_4", 1592.98, -1973.89, "B", "DIP", "2_1A", "", "C", 70.87, 70.87, 47.24, 90],
		[183, "P4_5", 1592.98, -1873.89, "T", "DIP", "2_2A", "", "C", 70.87, 70.87, 47.24, 90],
		[184, "P4_5", 1592.98, -1873.89, "B", "DIP", "2_2A", "", "C", 70.87, 70.87, 47.24, 90],
		[185, "P4_6", 1592.98, -1773.89, "T", "DIP", "2_2B", "", "C", 70.87, 70.87, 47.24, 90],
		[186, "P4_6", 1592.98, -1773.89, "B", "DIP", "2_2B", "", "C", 70.87, 70.87, 47.24, 90],
		[187, "P4_7", 1592.98, -1673.89, "T", "DIP", "GND", "GND", "C", 70.87, 70.87, 47.24, 90],
		[188, "P4_7", 1592.98, -1673.89, "B", "DIP", "GND", "GND", "C", 70.87, 70.87, 47.24, 90],
		[189, "P4_8", 1592.98, -1573.89, "T", "DIP", "VBAT_S", "", "C", 70.87, 70.87, 47.24, 90],
		[190, "P4_8", 1592.98, -1573.89, "B", "DIP", "VBAT_S", "", "C", 70.87, 70.87, 47.24, 90],
		[191, "P5_1", 1737.01, -1572.1, "T", "DIP", "GND", "GND", "R", 70.87, 70.87, 47.24, 270],
		[192, "P5_1", 1737.01, -1572.1, "B", "DIP", "GND", "GND", "R", 70.87, 70.87, 47.24, 270],
		[193, "P5_2", 1737.01, -1672.1, "T", "DIP", "MS1", "", "C", 70.87, 70.87, 47.24, 270],
		[194, "P5_2", 1737.01, -1672.1, "B", "DIP", "MS1", "", "C", 70.87, 70.87, 47.24, 270],
		[195, "P5_3", 1737.01, -1772.1, "T", "DIP", "MS2", "", "C", 70.87, 70.87, 47.24, 270],
		[196, "P5_3", 1737.01, -1772.1, "B", "DIP", "MS2", "", "C", 70.87, 70.87, 47.24, 270],
		[197, "P5_4", 1737.01, -1872.1, "T", "DIP", "MS3", "", "C", 70.87, 70.87, 47.24, 270],
		[198, "P5_4", 1737.01, -1872.1, "B", "DIP", "MS3", "", "C", 70.87, 70.87, 47.24, 270],
		[199, "P5_5", 1737.01, -1972.1, "T", "DIP", "$1N47245", "", "C", 70.87, 70.87, 47.24, 270],
		[200, "P5_5", 1737.01, -1972.1, "B", "DIP", "$1N47245", "", "C", 70.87, 70.87, 47.24, 270],
		[201, "P5_6", 1737.01, -2072.1, "T", "DIP", "$1N47245", "", "C", 70.87, 70.87, 47.24, 270],
		[202, "P5_6", 1737.01, -2072.1, "B", "DIP", "$1N47245", "", "C", 70.87, 70.87, 47.24, 270],
		[203, "P5_7", 1737.01, -2172.1, "T", "DIP", "IO8", "", "C", 70.87, 70.87, 47.24, 270],
		[204, "P5_7", 1737.01, -2172.1, "B", "DIP", "IO8", "", "C", 70.87, 70.87, 47.24, 270],
		[205, "P5_8", 1737.01, -2272.1, "T", "DIP", "IO4", "", "C", 70.87, 70.87, 47.24, 270],
		[206, "P5_8", 1737.01, -2272.1, "B", "DIP", "IO4", "", "C", 70.87, 70.87, 47.24, 270],
		[207, "P6_1", 2229.14, -2272.1, "T", "DIP", "GND", "GND", "R", 70.87, 70.87, 47.24, 90],
		[208, "P6_1", 2229.14, -2272.1, "B", "DIP", "GND", "GND", "R", 70.87, 70.87, 47.24, 90],
		[209, "P6_2", 2229.14, -2172.1, "T", "DIP", "3V3_SM", "", "C", 70.87, 70.87, 47.24, 90],
		[210, "P6_2", 2229.14, -2172.1, "B", "DIP", "3V3_SM", "", "C", 70.87, 70.87, 47.24, 90],
		[211, "P6_3", 2229.14, -2072.1, "T", "DIP", "3_1B", "", "C", 70.87, 70.87, 47.24, 90],
		[212, "P6_3", 2229.14, -2072.1, "B", "DIP", "3_1B", "", "C", 70.87, 70.87, 47.24, 90],
		[213, "P6_4", 2229.14, -1972.1, "T", "DIP", "3_1A", "", "C", 70.87, 70.87, 47.24, 90],
		[214, "P6_4", 2229.14, -1972.1, "B", "DIP", "3_1A", "", "C", 70.87, 70.87, 47.24, 90],
		[215, "P6_5", 2229.14, -1872.1, "T", "DIP", "3_2A", "", "C", 70.87, 70.87, 47.24, 90],
		[216, "P6_5", 2229.14, -1872.1, "B", "DIP", "3_2A", "", "C", 70.87, 70.87, 47.24, 90],
		[217, "P6_6", 2229.14, -1772.1, "T", "DIP", "3_2B", "", "C", 70.87, 70.87, 47.24, 90],
		[218, "P6_6", 2229.14, -1772.1, "B", "DIP", "3_2B", "", "C", 70.87, 70.87, 47.24, 90],
		[219, "P6_7", 2229.14, -1672.1, "T", "DIP", "GND", "GND", "C", 70.87, 70.87, 47.24, 90],
		[220, "P6_7", 2229.14, -1672.1, "B", "DIP", "GND", "GND", "C", 70.87, 70.87, 47.24, 90],
		[221, "P6_8", 2229.14, -1572.1, "T", "DIP", "VBAT_S", "", "C", 70.87, 70.87, 47.24, 90],
		[222, "P6_8", 2229.14, -1572.1, "B", "DIP", "VBAT_S", "", "C", 70.87, 70.87, 47.24, 90],
		[223, "P7_1", 2369.85, -1571.89, "T", "DIP", "GND", "GND", "R", 70.87, 70.87, 47.24, 270],
		[224, "P7_1", 2369.85, -1571.89, "B", "DIP", "GND", "GND", "R", 70.87, 70.87, 47.24, 270],
		[225, "P7_2", 2369.85, -1671.89, "T", "DIP", "MS1", "", "C", 70.87, 70.87, 47.24, 270],
		[226, "P7_2", 2369.85, -1671.89, "B", "DIP", "MS1", "", "C", 70.87, 70.87, 47.24, 270],
		[227, "P7_3", 2369.85, -1771.89, "T", "DIP", "MS2", "", "C", 70.87, 70.87, 47.24, 270],
		[228, "P7_3", 2369.85, -1771.89, "B", "DIP", "MS2", "", "C", 70.87, 70.87, 47.24, 270],
		[229, "P7_4", 2369.85, -1871.89, "T", "DIP", "MS3", "", "C", 70.87, 70.87, 47.24, 270],
		[230, "P7_4", 2369.85, -1871.89, "B", "DIP", "MS3", "", "C", 70.87, 70.87, 47.24, 270],
		[231, "P7_5", 2369.85, -1971.89, "T", "DIP", "$1N47251", "", "C", 70.87, 70.87, 47.24, 270],
		[232, "P7_5", 2369.85, -1971.89, "B", "DIP", "$1N47251", "", "C", 70.87, 70.87, 47.24, 270],
		[233, "P7_6", 2369.85, -2071.89, "T", "DIP", "$1N47251", "", "C", 70.87, 70.87, 47.24, 270],
		[234, "P7_6", 2369.85, -2071.89, "B", "DIP", "$1N47251", "", "C", 70.87, 70.87, 47.24, 270],
		[235, "P7_7", 2369.85, -2171.89, "T", "DIP", "IO9", "", "C", 70.87, 70.87, 47.24, 270],
		[236, "P7_7", 2369.85, -2171.89, "B", "DIP", "IO9", "", "C", 70.87, 70.87, 47.24, 270],
		[237, "P7_8", 2369.85, -2271.89, "T", "DIP", "IO5", "", "C", 70.87, 70.87, 47.24, 270],
		[238, "P7_8", 2369.85, -2271.89, "B", "DIP", "IO5", "", "C", 70.87, 70.87, 47.24, 270],
		[239, "P8_1", 2861.97, -2271.89, "T", "DIP", "GND", "GND", "R", 70.87, 70.87, 47.24, 90],
		[240, "P8_1", 2861.97, -2271.89, "B", "DIP", "GND", "GND", "R", 70.87, 70.87, 47.24, 90],
		[241, "P8_2", 2861.97, -2171.89, "T", "DIP", "3V3_SM", "", "C", 70.87, 70.87, 47.24, 90],
		[242, "P8_2", 2861.97, -2171.89, "B", "DIP", "3V3_SM", "", "C", 70.87, 70.87, 47.24, 90],
		[243, "P8_3", 2861.97, -2071.89, "T", "DIP", "4_1B", "", "C", 70.87, 70.87, 47.24, 90],
		[244, "P8_3", 2861.97, -2071.89, "B", "DIP", "4_1B", "", "C", 70.87, 70.87, 47.24, 90],
		[245, "P8_4", 2861.97, -1971.89, "T", "DIP", "4_1A", "", "C", 70.87, 70.87, 47.24, 90],
		[246, "P8_4", 2861.97, -1971.89, "B", "DIP", "4_1A", "", "C", 70.87, 70.87, 47.24, 90],
		[247, "P8_5", 2861.97, -1871.89, "T", "DIP", "4_2A", "", "C", 70.87, 70.87, 47.24, 90],
		[248, "P8_5", 2861.97, -1871.89, "B", "DIP", "4_2A", "", "C", 70.87, 70.87, 47.24, 90],
		[249, "P8_6", 2861.97, -1771.89, "T", "DIP", "4_2B", "", "C", 70.87, 70.87, 47.24, 90],
		[250, "P8_6", 2861.97, -1771.89, "B", "DIP", "4_2B", "", "C", 70.87, 70.87, 47.24, 90],
		[251, "P8_7", 2861.97, -1671.89, "T", "DIP", "GND", "GND", "C", 70.87, 70.87, 47.24, 90],
		[252, "P8_7", 2861.97, -1671.89, "B", "DIP", "GND", "GND", "C", 70.87, 70.87, 47.24, 90],
		[253, "P8_8", 2861.97, -1571.89, "T", "DIP", "VBAT_S", "", "C", 70.87, 70.87, 47.24, 90],
		[254, "P8_8", 2861.97, -1571.89, "B", "DIP", "VBAT_S", "", "C", 70.87, 70.87, 47.24, 90],
		[255, "P10_1", 2946, -2676, "T", "DIP", "GND", "GND", "R", 86.61, 86.61, 49.61, 0],
		[256, "P10_1", 2946, -2676, "B", "DIP", "GND", "GND", "R", 86.61, 86.61, 49.61, 0],
		[257, "P10_2", 3096, -2676, "T", "DIP", "$2N1818", "", "C", 86.61, 86.61, 49.61, 0],
		[258, "P10_2", 3096, -2676, "B", "DIP", "$2N1818", "", "C", 86.61, 86.61, 49.61, 0],
		[259, "P10_3", 3246, -2676, "T", "DIP", "$2N13075", "", "C", 86.61, 86.61, 49.61, 0],
		[260, "P10_3", 3246, -2676, "B", "DIP", "$2N13075", "", "C", 86.61, 86.61, 49.61, 0],
		[261, "Q4_1", 2997.59, -464.95, "T", "SMD", "IO45", "", "R", 49.21, 27.56, 0, 180],
		[262, "Q4_2", 2997.59, -539.75, "T", "SMD", "GND", "GND", "R", 49.21, 27.56, 0, 180],
		[263, "Q4_3", 3076.33, -502.35, "T", "SMD", "$2N1761", "", "R", 49.21, 27.56, 0, 180],
		[264, "R5_1", 326, -472.34, "T", "SMD", "$1N2533", "", "R", 31.75, 34.02, 0, 270],
		[265, "R5_2", 326, -531.66, "T", "SMD", "GND", "GND", "R", 31.75, 34.02, 0, 270],
		[266, "R6_1", 328, -353.66, "T", "SMD", "$1N2587", "", "R", 31.75, 34.02, 0, 90],
		[267, "R6_2", 328, -294.34, "T", "SMD", "GND", "GND", "R", 31.75, 34.02, 0, 90],
		[268, "R14_1", 1418.34, -312, "T", "SMD", "$1N6786", "", "R", 31.75, 34.02, 0, 0],
		[269, "R14_2", 1477.66, -312, "T", "SMD", "3V3", "", "R", 31.75, 34.02, 0, 0],
		[270, "R15_1", 2760.93, -901.87, "T", "SMD", "3V3", "", "R", 31.75, 34.02, 0, 180],
		[271, "R15_2", 2701.61, -901.87, "T", "SMD", "$1N6853", "", "R", 31.75, 34.02, 0, 180],
		[272, "R16_1", 3144.34, -138, "T", "SMD", "5V", "", "R", 31.75, 34.02, 0, 0],
		[273, "R16_2", 3203.66, -138, "T", "SMD", "$1N6906", "", "R", 31.75, 34.02, 0, 0],
		[274, "R17_1", 1352.34, -434, "T", "SMD", "EN", "", "R", 31.75, 34.02, 0, 0],
		[275, "R17_2", 1411.66, -434, "T", "SMD", "3V3", "", "R", 31.75, 34.02, 0, 0],
		[276, "R18_1", 828.62, -2634.35, "T", "SMD", "3V3_SM", "", "R", 31.75, 34.02, 0, 180],
		[277, "R18_2", 769.3, -2634.35, "T", "SMD", "IO13", "", "R", 31.75, 34.02, 0, 180],
		[278, "R19_1", 1478.62, -2632.35, "T", "SMD", "3V3_SM", "", "R", 31.75, 34.02, 0, 180],
		[279, "R19_2", 1419.3, -2632.35, "T", "SMD", "IO14", "", "R", 31.75, 34.02, 0, 180],
		[280, "R20_1", 2100.62, -2636.35, "T", "SMD", "3V3_SM", "", "R", 31.75, 34.02, 0, 180],
		[281, "R20_2", 2041.3, -2636.35, "T", "SMD", "IO15", "", "R", 31.75, 34.02, 0, 180],
		[282, "R21_1", 2288, -2650.34, "T", "SMD", "3V3_SM", "", "R", 31.75, 34.02, 0, 270],
		[283, "R21_2", 2288, -2709.66, "T", "SMD", "IO16", "", "R", 31.75, 34.02, 0, 270],
		[284, "R22_1", 2720.96, -604.01, "T", "SMD", "$1N17389", "", "R", 31.75, 34.02, 0, 90],
		[285, "R22_2", 2720.96, -544.69, "T", "SMD", "$1N17382", "", "R", 31.75, 34.02, 0, 90],
		[286, "R23_1", 2341.55, -594.56, "T", "SMD", "$1N17384", "", "R", 31.75, 34.02, 0, 180],
		[287, "R23_2", 2282.23, -594.56, "T", "SMD", "GND", "GND", "R", 31.75, 34.02, 0, 180],
		[288, "R24_1", 2840.62, -346.35, "T", "SMD", "$1N17388", "", "R", 31.75, 34.02, 0, 180],
		[289, "R24_2", 2781.3, -346.35, "T", "SMD", "$1N17378", "", "R", 31.75, 34.02, 0, 180],
		[290, "R25_1", 2781.3, -414.35, "T", "SMD", "$1N17378", "", "R", 31.75, 34.02, 0, 0],
		[291, "R25_2", 2840.62, -414.35, "T", "SMD", "GND", "GND", "R", 31.75, 34.02, 0, 0],
		[292, "R26_1", 2928.96, -286.69, "T", "SMD", "5V", "", "R", 31.75, 34.02, 0, 270],
		[293, "R26_2", 2928.96, -346.01, "T", "SMD", "$1N17388", "", "R", 31.75, 34.02, 0, 270],
		[294, "RLY1_1", 3095.78, -843.21, "T", "DIP", "5V", "", "C", 110, 110, 60, 90],
		[295, "RLY1_1", 3095.78, -843.21, "B", "DIP", "5V", "", "C", 110, 110, 60, 90],
		[296, "RLY1_2", 3095.8, -1323.53, "T", "DIP", "$2N1818", "", "C", 110, 110, 60, 90],
		[297, "RLY1_2", 3095.8, -1323.53, "B", "DIP", "$2N1818", "", "C", 110, 110, 60, 90],
		[298, "RLY1_3", 3568.2, -1323.53, "T", "DIP", "RLY1_3", "", "C", 110, 110, 60, 90],
		[299, "RLY1_3", 3568.2, -1323.53, "B", "DIP", "RLY1_3", "", "C", 110, 110, 60, 90],
		[300, "RLY1_4", 3568.22, -843.21, "T", "DIP", "$2N1761", "", "C", 110, 110, 60, 90],
		[301, "RLY1_4", 3568.22, -843.21, "B", "DIP", "$2N1761", "", "C", 110, 110, 60, 90],
		[302, "RLY1_5", 3332, -764.47, "T", "DIP", "$2N13075", "", "C", 110, 110, 60, 90],
		[303, "RLY1_5", 3332, -764.47, "B", "DIP", "$2N13075", "", "C", 110, 110, 60, 90],
		[304, "SW3_1", 2559.18, -1024.75, "T", "DIP", "MS1", "", "R", 62.99, 60, 39.37, 0],
		[305, "SW3_1", 2559.18, -1024.75, "B", "DIP", "MS1", "", "R", 62.99, 60, 39.37, 0],
		[306, "SW3_2", 2559.18, -1124.75, "T", "DIP", "MS2", "", "C", 62.99, 62.99, 39.37, 0],
		[307, "SW3_2", 2559.18, -1124.75, "B", "DIP", "MS2", "", "C", 62.99, 62.99, 39.37, 0],
		[308, "SW3_3", 2559.18, -1224.75, "T", "DIP", "MS3", "", "C", 62.99, 62.99, 39.37, 0],
		[309, "SW3_3", 2559.18, -1224.75, "B", "DIP", "MS3", "", "C", 62.99, 62.99, 39.37, 0],
		[310, "SW3_4", 2859.18, -1224.75, "T", "DIP", "3V3_SM", "", "C", 62.99, 62.99, 39.37, 0],
		[311, "SW3_4", 2859.18, -1224.75, "B", "DIP", "3V3_SM", "", "C", 62.99, 62.99, 39.37, 0],
		[312, "SW3_5", 2859.18, -1124.75, "T", "DIP", "3V3_SM", "", "C", 62.99, 62.99, 39.37, 0],
		[313, "SW3_5", 2859.18, -1124.75, "B", "DIP", "3V3_SM", "", "C", 62.99, 62.99, 39.37, 0],
		[314, "SW3_6", 2859.18, -1024.75, "T", "DIP", "3V3_SM", "", "C", 62.99, 62.99, 39.37, 0],
		[315, "SW3_6", 2859.18, -1024.75, "B", "DIP", "3V3_SM", "", "C", 62.99, 62.99, 39.37, 0],
		[316, "SW4_1", 1352, -498.33, "T", "SMD", "EN", "", "R", 47.24, 39.37, 0, 270],
		[317, "SW4_2", 1352, -789.67, "T", "SMD", "GND", "GND", "R", 47.24, 39.37, 0, 270],
		[318, "SW5_1", 1542, -498.33, "T", "SMD", "BOOT", "", "R", 47.24, 39.37, 0, 270],
		[319, "SW5_2", 1542, -789.67, "T", "SMD", "GND", "GND", "R", 47.24, 39.37, 0, 270],
		[320, "SW8_1", 326.96, -1629.31, "T", "DIP", "VBAT", "", "R", 98.42, 118.11, 70.87, 270],
		[321, "SW8_1", 326.96, -1629.31, "B", "DIP", "VBAT", "", "R", 98.42, 118.11, 70.87, 270],
		[322, "SW8_2", 326.96, -1814.35, "T", "DIP", "$1N4546", "", "C", 118.11, 118.11, 70.87, 270],
		[323, "SW8_2", 326.96, -1814.35, "B", "DIP", "$1N4546", "", "C", 118.11, 118.11, 70.87, 270],
		[324, "SW8_3", 326.96, -1999.39, "T", "DIP", "SW8_3", "", "C", 118.11, 118.11, 70.87, 270],
		[325, "SW8_3", 326.96, -1999.39, "B", "DIP", "SW8_3", "", "C", 118.11, 118.11, 70.87, 270],
		[326, "U1_1", 461.51, -41.81, "T", "SMD", "GND", "GND", "R", 59.05, 35.43, 0, 0],
		[327, "U1_2", 461.51, -91.81, "T", "SMD", "3V3", "", "R", 59.05, 35.43, 0, 0],
		[328, "U1_3", 461.51, -141.81, "T", "SMD", "EN", "", "R", 59.05, 35.43, 0, 0],
		[329, "U1_4", 461.51, -191.81, "T", "SMD", "IO4", "", "R", 59.05, 35.43, 0, 0],
		[330, "U1_5", 461.51, -241.81, "T", "SMD", "IO5", "", "R", 59.05, 35.43, 0, 0],
		[331, "U1_6", 461.51, -291.81, "T", "SMD", "IO6", "", "R", 59.05, 35.43, 0, 0],
		[332, "U1_7", 461.51, -341.81, "T", "SMD", "IO7", "", "R", 59.05, 35.43, 0, 0],
		[333, "U1_8", 461.51, -391.81, "T", "SMD", "IO15", "", "R", 59.05, 35.43, 0, 0],
		[334, "U1_9", 461.51, -441.81, "T", "SMD", "IO16", "", "R", 59.05, 35.43, 0, 0],
		[335, "U1_10", 461.51, -491.81, "T", "SMD", "IO17", "", "R", 59.05, 35.43, 0, 0],
		[336, "U1_11", 461.51, -541.81, "T", "SMD", "IO18", "", "R", 59.05, 35.43, 0, 0],
		[337, "U1_12", 461.51, -591.81, "T", "SMD", "IO8", "", "R", 59.05, 35.43, 0, 0],
		[338, "U1_13", 461.51, -641.8, "T", "SMD", "D-", "", "R", 59.05, 35.43, 0, 0],
		[339, "U1_14", 461.51, -691.8, "T", "SMD", "D+", "", "R", 59.05, 35.43, 0, 0],
		[340, "U1_15", 531, -742.2, "T", "SMD", "IO3", "", "R", 59.05, 35.43, 0, 90],
		[341, "U1_16", 581, -742.2, "T", "SMD", "IO46", "", "R", 59.05, 35.43, 0, 90],
		[342, "U1_17", 631, -742.2, "T", "SMD", "IO9", "", "R", 59.05, 35.43, 0, 90],
		[343, "U1_18", 681, -742.2, "T", "SMD", "IO10", "", "R", 59.05, 35.43, 0, 90],
		[344, "U1_19", 731, -742.2, "T", "SMD", "IO11", "", "R", 59.05, 35.43, 0, 90],
		[345, "U1_20", 781, -742.2, "T", "SMD", "IO12", "", "R", 59.05, 35.43, 0, 90],
		[346, "U1_21", 831, -742.2, "T", "SMD", "IO13", "", "R", 59.05, 35.43, 0, 90],
		[347, "U1_22", 881, -742.2, "T", "SMD", "IO14", "", "R", 59.05, 35.43, 0, 90],
		[348, "U1_23", 931, -742.2, "T", "SMD", "IO21", "", "R", 59.05, 35.43, 0, 90],
		[349, "U1_24", 981, -742.2, "T", "SMD", "IO47", "", "R", 59.05, 35.43, 0, 90],
		[350, "U1_25", 1031, -742.2, "T", "SMD", "IO48", "", "R", 59.05, 35.43, 0, 90],
		[351, "U1_26", 1081, -741.01, "T", "SMD", "IO45", "", "R", 59.05, 35.43, 0, 90],
		[352, "U1_27", 1150.49, -691.8, "T", "SMD", "BOOT", "", "R", 59.05, 35.43, 0, 180],
		[353, "U1_28", 1150.49, -641.8, "T", "SMD", "IO35", "", "R", 59.05, 35.43, 0, 180],
		[354, "U1_29", 1150.49, -591.81, "T", "SMD", "IO36", "", "R", 59.05, 35.43, 0, 180],
		[355, "U1_30", 1150.49, -541.81, "T", "SMD", "IO37", "", "R", 59.05, 35.43, 0, 180],
		[356, "U1_31", 1150.49, -491.81, "T", "SMD", "IO38", "", "R", 59.05, 35.43, 0, 180],
		[357, "U1_32", 1150.49, -441.81, "T", "SMD", "IO39", "", "R", 59.05, 35.43, 0, 180],
		[358, "U1_33", 1150.49, -391.81, "T", "SMD", "IO40", "", "R", 59.05, 35.43, 0, 180],
		[359, "U1_34", 1150.49, -341.81, "T", "SMD", "IO41", "", "R", 59.05, 35.43, 0, 180],
		[360, "U1_35", 1150.49, -291.81, "T", "SMD", "IO42", "", "R", 59.05, 35.43, 0, 180],
		[361, "U1_36", 1150.49, -241.81, "T", "SMD", "RXD0", "", "R", 59.05, 35.43, 0, 180],
		[362, "U1_37", 1150.49, -191.81, "T", "SMD", "TXD0", "", "R", 59.05, 35.43, 0, 180],
		[363, "U1_38", 1150.49, -141.81, "T", "SMD", "IO2", "", "R", 59.05, 35.43, 0, 180],
		[364, "U1_39", 1150.49, -91.81, "T", "SMD", "IO1", "", "R", 59.05, 35.43, 0, 180],
		[365, "U1_40", 1150.49, -41.81, "T", "SMD", "GND", "GND", "R", 59.05, 35.43, 0, 180],
		[366, "U1_41", 802.06, -400.87, "T", "SMD", "GND", "GND", "R", 35.43, 35.43, 0, 90],
		[367, "U1_41", 746.94, -400.87, "T", "SMD", "GND", "GND", "R", 35.43, 35.43, 0, 90],
		[368, "U1_41", 691.82, -400.87, "T", "SMD", "GND", "GND", "R", 35.43, 35.43, 0, 90],
		[369, "U1_41", 691.82, -290.63, "T", "SMD", "GND", "GND", "R", 35.43, 35.43, 0, 90],
		[370, "U1_41", 746.94, -290.63, "T", "SMD", "GND", "GND", "R", 35.43, 35.43, 0, 90],
		[371, "U1_41", 802.06, -290.63, "T", "SMD", "GND", "GND", "R", 35.43, 35.43, 0, 90],
		[372, "U1_41", 802.06, -345.75, "T", "SMD", "GND", "GND", "R", 35.43, 35.43, 0, 90],
		[373, "U1_41", 691.82, -345.75, "T", "SMD", "GND", "GND", "R", 35.43, 35.43, 0, 90],
		[374, "U1_41", 746.94, -345.75, "T", "SMD", "GND", "GND", "R", 35.43, 35.43, 0, 90],
		[375, "U3_1", 507.15, -2470, "T", "DIP", "1_2B", "", "R", 62.99, 62.99, 39.37, 180],
		[376, "U3_1", 507.15, -2470, "B", "DIP", "1_2B", "", "R", 62.99, 62.99, 39.37, 180],
		[377, "U3_2", 585.89, -2470, "T", "DIP", "U3_2", "", "C", 62.99, 62.99, 39.37, 180],
		[378, "U3_2", 585.89, -2470, "B", "DIP", "U3_2", "", "C", 62.99, 62.99, 39.37, 180],
		[379, "U3_3", 664.63, -2470, "T", "DIP", "1_1A", "", "C", 62.99, 62.99, 39.37, 180],
		[380, "U3_3", 664.63, -2470, "B", "DIP", "1_1A", "", "C", 62.99, 62.99, 39.37, 180],
		[381, "U3_4", 743.37, -2470, "T", "DIP", "1_2A", "", "C", 62.99, 62.99, 39.37, 180],
		[382, "U3_4", 743.37, -2470, "B", "DIP", "1_2A", "", "C", 62.99, 62.99, 39.37, 180],
		[383, "U3_5", 822.11, -2470, "T", "DIP", "U3_5", "", "C", 62.99, 62.99, 39.37, 180],
		[384, "U3_5", 822.11, -2470, "B", "DIP", "U3_5", "", "C", 62.99, 62.99, 39.37, 180],
		[385, "U3_6", 900.85, -2470, "T", "DIP", "1_1B", "", "C", 62.99, 62.99, 39.37, 180],
		[386, "U3_6", 900.85, -2470, "B", "DIP", "1_1B", "", "C", 62.99, 62.99, 39.37, 180],
		[387, "U4_1", 1148.97, -2476.07, "T", "DIP", "2_2B", "", "R", 62.99, 62.99, 39.37, 180],
		[388, "U4_1", 1148.97, -2476.07, "B", "DIP", "2_2B", "", "R", 62.99, 62.99, 39.37, 180],
		[389, "U4_2", 1227.71, -2476.07, "T", "DIP", "U4_2", "", "C", 62.99, 62.99, 39.37, 180],
		[390, "U4_2", 1227.71, -2476.07, "B", "DIP", "U4_2", "", "C", 62.99, 62.99, 39.37, 180],
		[391, "U4_3", 1306.45, -2476.07, "T", "DIP", "2_1A", "", "C", 62.99, 62.99, 39.37, 180],
		[392, "U4_3", 1306.45, -2476.07, "B", "DIP", "2_1A", "", "C", 62.99, 62.99, 39.37, 180],
		[393, "U4_4", 1385.19, -2476.07, "T", "DIP", "2_2A", "", "C", 62.99, 62.99, 39.37, 180],
		[394, "U4_4", 1385.19, -2476.07, "B", "DIP", "2_2A", "", "C", 62.99, 62.99, 39.37, 180],
		[395, "U4_5", 1463.93, -2476.07, "T", "DIP", "U4_5", "", "C", 62.99, 62.99, 39.37, 180],
		[396, "U4_5", 1463.93, -2476.07, "B", "DIP", "U4_5", "", "C", 62.99, 62.99, 39.37, 180],
		[397, "U4_6", 1542.67, -2476.07, "T", "DIP", "2_1B", "", "C", 62.99, 62.99, 39.37, 180],
		[398, "U4_6", 1542.67, -2476.07, "B", "DIP", "2_1B", "", "C", 62.99, 62.99, 39.37, 180],
		[399, "U5_1", 1783.46, -2472.05, "T", "DIP", "3_2B", "", "R", 62.99, 62.99, 39.37, 180],
		[400, "U5_1", 1783.46, -2472.05, "B", "DIP", "3_2B", "", "R", 62.99, 62.99, 39.37, 180],
		[401, "U5_2", 1862.2, -2472.05, "T", "DIP", "U5_2", "", "C", 62.99, 62.99, 39.37, 180],
		[402, "U5_2", 1862.2, -2472.05, "B", "DIP", "U5_2", "", "C", 62.99, 62.99, 39.37, 180],
		[403, "U5_3", 1940.94, -2472.05, "T", "DIP", "3_1A", "", "C", 62.99, 62.99, 39.37, 180],
		[404, "U5_3", 1940.94, -2472.05, "B", "DIP", "3_1A", "", "C", 62.99, 62.99, 39.37, 180],
		[405, "U5_4", 2019.68, -2472.05, "T", "DIP", "3_2A", "", "C", 62.99, 62.99, 39.37, 180],
		[406, "U5_4", 2019.68, -2472.05, "B", "DIP", "3_2A", "", "C", 62.99, 62.99, 39.37, 180],
		[407, "U5_5", 2098.42, -2472.05, "T", "DIP", "U5_5", "", "C", 62.99, 62.99, 39.37, 180],
		[408, "U5_5", 2098.42, -2472.05, "B", "DIP", "U5_5", "", "C", 62.99, 62.99, 39.37, 180],
		[409, "U5_6", 2177.16, -2472.05, "T", "DIP", "3_1B", "", "C", 62.99, 62.99, 39.37, 180],
		[410, "U5_6", 2177.16, -2472.05, "B", "DIP", "3_1B", "", "C", 62.99, 62.99, 39.37, 180],
		[411, "U6_1", 2417.96, -2470.04, "T", "DIP", "4_2B", "", "R", 62.99, 62.99, 39.37, 180],
		[412, "U6_1", 2417.96, -2470.04, "B", "DIP", "4_2B", "", "R", 62.99, 62.99, 39.37, 180],
		[413, "U6_2", 2496.7, -2470.04, "T", "DIP", "U6_2", "", "C", 62.99, 62.99, 39.37, 180],
		[414, "U6_2", 2496.7, -2470.04, "B", "DIP", "U6_2", "", "C", 62.99, 62.99, 39.37, 180],
		[415, "U6_3", 2575.44, -2470.04, "T", "DIP", "4_1A", "", "C", 62.99, 62.99, 39.37, 180],
		[416, "U6_3", 2575.44, -2470.04, "B", "DIP", "4_1A", "", "C", 62.99, 62.99, 39.37, 180],
		[417, "U6_4", 2654.18, -2470.04, "T", "DIP", "4_2A", "", "C", 62.99, 62.99, 39.37, 180],
		[418, "U6_4", 2654.18, -2470.04, "B", "DIP", "4_2A", "", "C", 62.99, 62.99, 39.37, 180],
		[419, "U6_5", 2732.92, -2470.04, "T", "DIP", "U6_5", "", "C", 62.99, 62.99, 39.37, 180],
		[420, "U6_5", 2732.92, -2470.04, "B", "DIP", "U6_5", "", "C", 62.99, 62.99, 39.37, 180],
		[421, "U6_6", 2811.66, -2470.04, "T", "DIP", "4_1B", "", "C", 62.99, 62.99, 39.37, 180],
		[422, "U6_6", 2811.66, -2470.04, "B", "DIP", "4_1B", "", "C", 62.99, 62.99, 39.37, 180],
		[423, "U8_1", 2445.65, -762.95, "T", "SMD", "5V", "", "R", 23.62, 39.37, 0, 270],
		[424, "U8_2", 2445.65, -800.34, "T", "SMD", "GND", "GND", "R", 23.62, 39.37, 0, 270],
		[425, "U8_3", 2445.65, -837.74, "T", "SMD", "5V", "", "R", 23.62, 39.37, 0, 270],
		[426, "U8_4", 2532.27, -837.75, "T", "SMD", "U8_4", "", "R", 23.62, 39.37, 0, 270],
		[427, "U8_5", 2532.27, -762.94, "T", "SMD", "3V3", "", "R", 23.62, 39.37, 0, 270],
		[428, "U12_1", 2418.46, -445.35, "T", "SMD", "$1N17390", "", "R", 23.62, 47.24, 0, 270],
		[429, "U12_2", 2418.46, -495.35, "T", "SMD", "VBAT_C", "", "R", 23.62, 47.24, 0, 270],
		[430, "U12_3", 2418.46, -545.35, "T", "SMD", "VBAT_C", "", "R", 23.62, 47.24, 0, 270],
		[431, "U12_4", 2418.46, -595.35, "T", "SMD", "$1N17384", "", "R", 23.62, 47.24, 0, 270],
		[432, "U12_5", 2647.46, -595.35, "T", "SMD", "$1N17378", "", "R", 23.62, 47.24, 0, 270],
		[433, "U12_6", 2647.46, -545.35, "T", "SMD", "$1N17382", "", "R", 23.62, 47.24, 0, 270],
		[434, "U12_7", 2647.46, -495.35, "T", "SMD", "GND", "GND", "R", 23.62, 47.24, 0, 270],
		[435, "U12_8", 2647.46, -445.35, "T", "SMD", "$1N17381", "", "R", 23.62, 47.24, 0, 270],
		[436, "U12_9", 2532.96, -520.35, "T", "SMD", "GND", "GND", "R", 129.92, 94.49, 0, 90],
		[437, "U13_1", 2331.39, -1060.69, "T", "SMD", "5V", "", "R", 23.62, 39.37, 0, 180],
		[438, "U13_2", 2294.01, -1060.69, "T", "SMD", "GND", "GND", "R", 23.62, 39.37, 0, 180],
		[439, "U13_3", 2256.61, -1060.69, "T", "SMD", "5V", "", "R", 23.62, 39.37, 0, 180],
		[440, "U13_4", 2256.6, -1147.31, "T", "SMD", "U13_4", "", "R", 23.62, 39.37, 0, 180],
		[441, "U13_5", 2331.41, -1147.31, "T", "SMD", "3V3_SM", "", "R", 23.62, 39.37, 0, 180],
		[442, "USB1_A1B12", 242.88, -278.01, "T", "SMD", "GND", "GND", "R", 23.62, 45.28, 0, 270],
		[443, "USB1_A4B9", 242.88, -309.51, "T", "SMD", "5V", "", "R", 23.62, 45.28, 0, 270],
		[444, "USB1_A5", 242.88, -354.79, "T", "SMD", "$1N2587", "", "R", 11.81, 45.28, 0, 270],
		[445, "USB1_A6", 242.88, -394.16, "T", "SMD", "D+", "", "R", 11.81, 45.28, 0, 270],
		[446, "USB1_A7", 242.88, -413.84, "T", "SMD", "D-", "", "R", 11.81, 45.28, 0, 270],
		[447, "USB1_A8", 242.88, -453.21, "T", "SMD", "USB1_A8", "", "R", 11.81, 45.28, 0, 270],
		[448, "USB1_B1A12", 242.88, -529.98, "T", "SMD", "GND", "GND", "R", 23.62, 45.28, 0, 270],
		[449, "USB1_B4A9", 242.88, -498.49, "T", "SMD", "5V", "", "R", 23.62, 45.28, 0, 270],
		[450, "USB1_B5", 242.88, -472.9, "T", "SMD", "$1N2533", "", "R", 11.81, 45.28, 0, 270],
		[451, "USB1_B6", 242.88, -433.53, "T", "SMD", "D+", "", "R", 11.81, 45.28, 0, 270],
		[452, "USB1_B7", 242.88, -374.47, "T", "SMD", "D-", "", "R", 11.81, 45.28, 0, 270],
		[453, "USB1_B8", 242.88, -335.1, "T", "SMD", "USB1_B8", "", "R", 11.81, 45.28, 0, 270],
		[454, "USB1_EP", 216.5, -233.92, "T", "DIP", "GND", "GND", "O", 39.37, 82.68, 66.93, 270],
		[455, "USB1_EP", 216.5, -233.92, "B", "DIP", "GND", "GND", "O", 39.37, 82.68, 66.93, 270],
		[456, "USB1_EP", 216.5, -574.08, "T", "DIP", "GND", "GND", "O", 39.37, 82.68, 66.93, 270],
		[457, "USB1_EP", 216.5, -574.08, "B", "DIP", "GND", "GND", "O", 39.37, 82.68, 66.93, 270],
		[458, "USB1_EP", 53.11, -233.92, "T", "DIP", "GND", "GND", "O", 39.37, 70.87, 55.12, 270],
		[459, "USB1_EP", 53.11, -233.92, "B", "DIP", "GND", "GND", "O", 39.37, 70.87, 55.12, 270],
		[460, "USB1_EP", 53.12, -574.08, "T", "DIP", "GND", "GND", "O", 39.37, 70.87, 55.12, 270],
		[461, "USB1_EP", 53.12, -574.08, "B", "DIP", "GND", "GND", "O", 39.37, 70.87, 55.12, 270],
		[462, "USB2_1", 2003.79, -1179.25, "T", "DIP", "$2N15005", "", "C", 62.99, 62.99, 39.37, 180],
		[463, "USB2_1", 2003.79, -1179.25, "B", "DIP", "$2N15005", "", "C", 62.99, 62.99, 39.37, 180],
		[464, "USB2_2", 1905.37, -1179.25, "T", "DIP", "MV_D-", "", "C", 62.99, 62.99, 39.37, 180],
		[465, "USB2_2", 1905.37, -1179.25, "B", "DIP", "MV_D-", "", "C", 62.99, 62.99, 39.37, 180],
		[466, "USB2_3", 1826.63, -1179.24, "T", "DIP", "MV_D+", "", "C", 62.99, 62.99, 39.37, 180],
		[467, "USB2_3", 1826.63, -1179.24, "B", "DIP", "MV_D+", "", "C", 62.99, 62.99, 39.37, 180],
		[468, "USB2_4", 1728.2, -1179.25, "T", "DIP", "GND", "GND", "C", 62.99, 62.99, 39.37, 180],
		[469, "USB2_4", 1728.2, -1179.25, "B", "DIP", "GND", "GND", "C", 62.99, 62.99, 39.37, 180],
		[470, "USB2_5", 2116, -1084.76, "T", "DIP", "GND", "GND", "O", 60, 118.11, 90.55, 180],
		[471, "USB2_5", 2116, -1084.76, "B", "DIP", "GND", "GND", "O", 60, 118.11, 90.55, 180],
		[472, "USB2_6", 1616, -1084.76, "T", "DIP", "GND", "GND", "O", 60, 118.11, 90.55, 180],
		[473, "USB2_6", 1616, -1084.76, "B", "DIP", "GND", "GND", "O", 60, 118.11, 90.55, 180],
		[474, "USB3_A1B12", 242.88, -682.01, "T", "SMD", "GND", "GND", "R", 23.62, 45.28, 0, 270],
		[475, "USB3_A4B9", 242.88, -713.51, "T", "SMD", "$2N15005", "", "R", 23.62, 45.28, 0, 270],
		[476, "USB3_A5", 242.88, -758.79, "T", "SMD", "USB3_A5", "", "R", 11.81, 45.28, 0, 270],
		[477, "USB3_A6", 242.88, -798.16, "T", "SMD", "MV_D+", "", "R", 11.81, 45.28, 0, 270],
		[478, "USB3_A7", 242.88, -817.84, "T", "SMD", "MV_D-", "", "R", 11.81, 45.28, 0, 270],
		[479, "USB3_A8", 242.88, -857.21, "T", "SMD", "USB3_A8", "", "R", 11.81, 45.28, 0, 270],
		[480, "USB3_B1A12", 242.88, -933.98, "T", "SMD", "GND", "GND", "R", 23.62, 45.28, 0, 270],
		[481, "USB3_B4A9", 242.88, -902.49, "T", "SMD", "$2N15005", "", "R", 23.62, 45.28, 0, 270],
		[482, "USB3_B5", 242.88, -876.9, "T", "SMD", "USB3_B5", "", "R", 11.81, 45.28, 0, 270],
		[483, "USB3_B6", 242.88, -837.53, "T", "SMD", "MV_D+", "", "R", 11.81, 45.28, 0, 270],
		[484, "USB3_B7", 242.88, -778.47, "T", "SMD", "MV_D-", "", "R", 11.81, 45.28, 0, 270],
		[485, "USB3_B8", 242.88, -739.1, "T", "SMD", "USB3_B8", "", "R", 11.81, 45.28, 0, 270],
		[486, "USB3_EP", 216.5, -637.92, "T", "DIP", "GND", "GND", "O", 39.37, 82.68, 66.93, 270],
		[487, "USB3_EP", 216.5, -637.92, "B", "DIP", "GND", "GND", "O", 39.37, 82.68, 66.93, 270],
		[488, "USB3_EP", 216.5, -978.08, "T", "DIP", "GND", "GND", "O", 39.37, 82.68, 66.93, 270],
		[489, "USB3_EP", 216.5, -978.08, "B", "DIP", "GND", "GND", "O", 39.37, 82.68, 66.93, 270],
		[490, "USB3_EP", 53.11, -637.92, "T", "DIP", "GND", "GND", "O", 39.37, 70.87, 55.12, 270],
		[491, "USB3_EP", 53.11, -637.92, "B", "DIP", "GND", "GND", "O", 39.37, 70.87, 55.12, 270],
		[492, "USB3_EP", 53.12, -978.08, "T", "DIP", "GND", "GND", "O", 39.37, 70.87, 55.12, 270],
		[493, "USB3_EP", 53.12, -978.08, "B", "DIP", "GND", "GND", "O", 39.37, 70.87, 55.12, 270],
		[494, "PAD1_1", 3560.01, -2654.44, "T", "DIP", "GND", "GND", "C", 177.17, 177.17, 125.98, 0],
		[495, "PAD1_1", 3560.01, -2654.44, "B", "DIP", "GND", "GND", "C", 177.17, 177.17, 125.98, 0],
		[496, "PAD2_1", 100.4, -2650.43, "T", "DIP", "GND", "GND", "C", 177.17, 177.17, 125.98, 0],
		[497, "PAD2_1", 100.4, -2650.43, "B", "DIP", "GND", "GND", "C", 177.17, 177.17, 125.98, 0],
		[498, "PAD3_1", 102.4, -100.4, "T", "DIP", "GND", "GND", "C", 177.17, 177.17, 125.98, 0],
		[499, "PAD3_1", 102.4, -100.4, "B", "DIP", "GND", "GND", "C", 177.17, 177.17, 125.98, 0],
		[500, "PAD4_1", 3560.01, -102.4, "T", "DIP", "GND", "GND", "C", 177.17, 177.17, 125.98, 0],
		[501, "PAD4_1", 3560.01, -102.4, "B", "DIP", "GND", "GND", "C", 177.17, 177.17, 125.98, 0],
		[502, "PAD5_2", 1598, -2565, "B", "SMD", "GND", "GND", "R", 2652, 50, 0, 0],
		[503, "PAD6_2", 1548, -1408, "T", "SMD", "VBAT_S", "", "R", 2574, 48, 0, 0],
		[504, "PAD7_2", 58, -1340, "T", "SMD", "VBAT", "", "R", 62, 336, 0, 0],
		[505, "PAD8_2", 583.66, -2068.17, "B", "SMD", "GND", "GND", "R", 48.68, 487.65, 0, 0]
	]
}
}