{
"lengthUnit": "mil",
"components": {
	"fields": ["COMPONENT_NO", "COMPONENT_NAME", "LAYER", "X_COORDINATE", "Y_COORDINATE", "ANGLE"],
	"rows": [
		[1, "CN1", "T", 380, -1585, 0],
		[2, "CN14", "T", 180, -765, 270],
		[3, "D1", "T", 420, -1450, 90],
		[4, "D2", "T", 320, -1450, 90],
		[5, "D3", "T", 85, -470, 270],
		[6, "H5", "T", 1120, -1585, 0],
		[7, "H6", "T", 795, -1585, 0],
		[8, "P1", "T", 1335, -1335, 270],
		[9, "P2", "T", 65, -1335, 90],
		[10, "Q4", "T", 185, -1300, 270],
		[11, "R17", "T", 220, -1435, 180]
	]
},
"pins": {
	"fields": ["PIN_NO", "PIN_NAME", "PIN_X", "PIN_Y", "LAYER", "PIN_TYPE", "NET_NAME", "NET_TYPE", "PAD_SHAPE", "PAD_SIZEX", "PAD_SIZEY", "HOLE_SIZE", "PAD_ANGLE"],
	"rows": [
		[1, "CN1_1", 232.36, -1585, "T", "DIP", "5V", "", "R", 59.05, 59.05, 35.43, 0],
		[2, "CN1_1", 232.36, -1585, "B", "DIP", "5V", "", "R", 59.05, 59.05, 35.43, 0],
		[3, "CN1_2", 330.79, -1585, "T", "DIP", "RX", "", "C", 59.05, 59.05, 35.43, 0],
		[4, "CN1_2", 330.79, -1585, "B", "DIP", "RX", "", "C", 59.05, 59.05, 35.43, 0],
		[5, "CN1_3", 429.21, -1585, "T", "DIP", "TX", "", "C", 59.05, 59.05, 35.43, 0],
		[6, "CN1_3", 429.21, -1585, "B", "DIP", "TX", "", "C", 59.05, 59.05, 35.43, 0],
		[7, "CN1_4", 527.64, -1585, "T", "DIP", "GND", "GND", "C", 59.05, 59.05, 35.43, 0],
		[8, "CN1_4", 527.64, -1585, "B", "DIP", "GND", "GND", "C", 59.05, 59.05, 35.43, 0],
		[9, "CN14_1", 180, -715.78, "T", "DIP", "5V", "", "R", 60, 59.05, 35.43, 270],
		[10, "CN14_1", 180, -715.78, "B", "DIP", "5V", "", "R", 60, 59.05, 35.43, 270],
		[11, "CN14_2", 180, -814.21, "T", "DIP", "$1N1958", "", "C", 59.05, 59.05, 35.43, 270],
		[12, "CN14_2", 180, -814.21, "B", "DIP", "$1N1958", "", "C", 59.05, 59.05, 35.43, 270],
		[13, "D1_1", 420, -1463.78, "T", "SMD", "TX", "", "R", 15.75, 27.56, 0, 90],
		[14, "D1_2", 420, -1436.22, "T", "SMD", "GND", "GND", "R", 15.75, 27.56, 0, 90],
		[15, "D2_1", 320, -1463.78, "T", "SMD", "RX", "", "R", 15.75, 27.56, 0, 90],
		[16, "D2_2", 320, -1436.22, "T", "SMD", "GND", "GND", "R", 15.75, 27.56, 0, 90],
		[17, "D3_1", 85, -383.39, "T", "SMD", "5V", "", "R", 78.74, 78.74, 0, 90],
		[18, "D3_2", 85, -556.61, "T", "SMD", "$1N1958", "", "R", 78.74, 78.74, 0, 90],
		[19, "H5_1", 1020, -1585, "T", "DIP", "P7", "", "R", 70.87, 70.87, 43.31, 0],
		[20, "H5_1", 1020, -1585, "B", "DIP", "P7", "", "R", 70.87, 70.87, 43.31, 0],
		[21, "H5_2", 1120, -1585, "T", "DIP", "5V", "", "C", 70.87, 70.87, 43.31, 0],
		[22, "H5_2", 1120, -1585, "B", "DIP", "5V", "", "C", 70.87, 70.87, 43.31, 0],
		[23, "H5_3", 1220, -1585, "T", "DIP", "GND", "GND", "C", 70.87, 70.87, 43.31, 0],
		[24, "H5_3", 1220, -1585, "B", "DIP", "GND", "GND", "C", 70.87, 70.87, 43.31, 0],
		[25, "H6_1", 695, -1585, "T", "DIP", "P8", "", "R", 70.87, 70.87, 43.31, 0],
		[26, "H6_1", 695, -1585, "B", "DIP", "P8", "", "R", 70.87, 70.87, 43.31, 0],
		[27, "H6_2", 795, -1585, "T", "DIP", "5V", "", "C", 70.87, 70.87, 43.31, 0],
		[28, "H6_2", 795, -1585, "B", "DIP", "5V", "", "C", 70.87, 70.87, 43.31, 0],
		[29, "H6_3", 895, -1585, "T", "DIP", "GND", "GND", "C", 70.87, 70.87, 43.31, 0],
		[30, "H6_3", 895, -1585, "B", "DIP", "GND", "GND", "C", 70.87, 70.87, 43.31, 0],
		[31, "P1_1", 1335, -985, "T", "DIP", "P1_1", "", "R", 70.87, 70.87, 47.24, 270],
		[32, "P1_1", 1335, -985, "B", "DIP", "P1_1", "", "R", 70.87, 70.87, 47.24, 270],
		[33, "P1_2", 1335, -1085, "T", "DIP", "P1_2", "", "C", 70.87, 70.87, 47.24, 270],
		[34, "P1_2", 1335, -1085, "B", "DIP", "P1_2", "", "C", 70.87, 70.87, 47.24, 270],
		[35, "P1_3", 1335, -1185, "T", "DIP", "P1_3", "", "C", 70.87, 70.87, 47.24, 270],
		[36, "P1_3", 1335, -1185, "B", "DIP", "P1_3", "", "C", 70.87, 70.87, 47.24, 270],
		[37, "P1_4", 1335, -1285, "T", "DIP", "P1_4", "", "C", 70.87, 70.87, 47.24, 270],
		[38, "P1_4", 1335, -1285, "B", "DIP", "P1_4", "", "C", 70.87, 70.87, 47.24, 270],
		[39, "P1_5", 1335, -1385, "T", "DIP", "P8", "", "C", 70.87, 70.87, 47.24, 270],
		[40, "P1_5", 1335, -1385, "B", "DIP", "P8", "", "C", 70.87, 70.87, 47.24, 270],
		[41, "P1_6", 1335, -1485, "T", "DIP", "P7", "", "C", 70.87, 70.87, 47.24, 270],
		[42, "P1_6", 1335, -1485, "B", "DIP", "P7", "", "C", 70.87, 70.87, 47.24, 270],
		[43, "P1_7", 1335, -1585, "T", "DIP", "5V", "", "C", 70.87, 70.87, 47.24, 270],
		[44, "P1_7", 1335, -1585, "B", "DIP", "5V", "", "C", 70.87, 70.87, 47.24, 270],
		[45, "P1_8", 1335, -1685, "T", "DIP", "GND", "GND", "C", 70.87, 70.87, 47.24, 270],
		[46, "P1_8", 1335, -1685, "B", "DIP", "GND", "GND", "C", 70.87, 70.87, 47.24, 270],
		[47, "P2_1", 65, -1685, "T", "DIP", "P2_1", "", "R", 70.87, 70.87, 47.24, 90],
		[48, "P2_1", 65, -1685, "B", "DIP", "P2_1", "", "R", 70.87, 70.87, 47.24, 90],
		[49, "P2_2", 65, -1585, "T", "DIP", "P6", "", "C", 70.87, 70.87, 47.24, 90],
		[50, "P2_2", 65, -1585, "B", "DIP", "P6", "", "C", 70.87, 70.87, 47.24, 90],
		[51, "P2_3", 65, -1485, "T", "DIP", "RX", "", "C", 70.87, 70.87, 47.24, 90],
		[52, "P2_3", 65, -1485, "B", "DIP", "RX", "", "C", 70.87, 70.87, 47.24, 90],
		[53, "P2_4", 65, -1385, "T", "DIP", "TX", "", "C", 70.87, 70.87, 47.24, 90],
		[54, "P2_4", 65, -1385, "B", "DIP", "TX", "", "C", 70.87, 70.87, 47.24, 90],
		[55, "P2_5", 65, -1285, "T", "DIP", "P2_5", "", "C", 70.87, 70.87, 47.24, 90],
		[56, "P2_5", 65, -1285, "B", "DIP", "P2_5", "", "C", 70.87, 70.87, 47.24, 90],
		[57, "P2_6", 65, -1185, "T", "DIP", "P2_6", "", "C", 70.87, 70.87, 47.24, 90],
		[58, "P2_6", 65, -1185, "B", "DIP", "P2_6", "", "C", 70.87, 70.87, 47.24, 90],
		[59, "P2_7", 65, -1085, "T", "DIP", "P2_7", "", "C", 70.87, 70.87, 47.24, 90],
		[60, "P2_7", 65, -1085, "B", "DIP", "P2_7", "", "C", 70.87, 70.87, 47.24, 90],
		[61, "P2_8", 65, -985, "T", "DIP", "P2_8", "", "C", 70.87, 70.87, 47.24, 90],
		[62, "P2_8", 65, -985, "B", "DIP", "P2_8", "", "C", 70.87, 70.87, 47.24, 90],
		[63, "Q4_1", 147.6, -1339.37, "T", "SMD", "P6", "", "R", 49.21, 27.56, 0, 270],
		[64, "Q4_2", 222.4, -1339.37, "T", "SMD", "GND", "GND", "R", 49.21, 27.56, 0, 270],
		[65, "Q4_3", 185, -1260.63, "T", "SMD", "$1N1958", "", "R", 49.21, 27.56, 0, 270],
		[66, "R17_1", 249.66, -1435, "T", "SMD", "GND", "GND", "R", 31.75, 34.02, 0, 180],
		[67, "R17_2", 190.34, -1435, "T", "SMD", "P6", "", "R", 31.75, 34.02, 0, 180]
	]
}
}